no,name,school,grade,gender,kor,eng,math,sw
1,Bat,디지털고,2,Male,68,86,95,C
2,Pauletta,디지털고,1,Female,61,87,89,python
3,Travers,구로고,1,Male,62,80,79,""
4,Emiline,디지털고,1,Female,86,59,55,""
5,Kirstyn,단지고,2,Female,56,67,74,Java
6,Grissel,단지고,2,Female,82,90,99,python
7,Nevil,단지고,1,Male,79,77,78,C
8,Nonnah,단지고,1,Female,67,53,97,""
9,Sinclare,구로고,3,Male,95,59,75,""
10,Jamal,디지털고,2,Male,79,95,58,""
11,Gavrielle,디지털고,2,Female,93,82,84,""
12,Rodrick,단지고,2,Male,66,83,53,""
13,Elia,디지털고,1,Male,66,100,61,C
14,Huntlee,구로고,3,Male,95,89,65,""
15,Odetta,단지고,2,Female,64,82,61,javascript
16,Nikkie,구로고,1,Female,66,60,93,C
17,Burton,디지털고,2,Male,91,51,80,Java
18,Krisha,단지고,3,Male,57,78,54,""
19,Jonathan,디지털고,1,Male,56,57,85,python
20,Lilias,디지털고,3,Female,75,58,90,javascript
21,Marji,단지고,3,Female,94,82,98,python
22,Lanette,구로고,3,Female,69,74,62,Java
23,Daveta,단지고,3,Female,56,76,93,C
24,Gerry,단지고,1,Male,51,87,53,C
25,Marchall,구로고,2,Male,52,53,74,Java
26,Tracy,디지털고,2,Female,88,55,99,python
27,Flin,디지털고,3,Male,64,85,53,javascript
28,Swen,단지고,2,Male,77,97,80,Java
29,Renaud,단지고,1,Male,59,76,84,javascript
30,Sully,디지털고,3,Male,57,57,70,C
31,Hannah,디지털고,3,Female,69,79,97,javascript
32,Marin,디지털고,3,Female,54,63,63,Java
33,Olivette,디지털고,2,Female,97,63,52,C
34,Jarib,디지털고,3,Male,68,92,88,C
35,Merlina,구로고,3,Female,64,78,53,""
36,Zacharias,디지털고,2,Male,76,52,51,C
37,Elysha,디지털고,3,Female,100,66,72,C
38,Davida,구로고,2,Female,78,79,56,Java
39,Katee,구로고,2,Female,84,86,53,python
40,Rudolph,디지털고,2,Male,99,93,54,javascript
41,Alfred,디지털고,1,Male,81,92,50,Java
42,Ashby,단지고,1,Male,89,69,100,C
43,Lauretta,디지털고,1,Female,98,51,64,C
44,Flori,디지털고,2,Female,94,57,69,Java
45,Johnnie,구로고,3,Male,89,80,70,C
46,Skell,단지고,2,Male,96,62,71,python
47,Yule,디지털고,2,Male,63,99,63,python
48,Nataniel,구로고,3,Male,79,91,66,C
49,Astrid,단지고,3,Female,100,73,97,python
50,Vallie,단지고,2,Female,59,60,87,javascript
51,Cart,단지고,3,Male,58,75,73,python
52,Mathias,구로고,1,Male,66,78,56,Java
53,Gibby,구로고,1,Male,68,81,73,Java
54,Gusella,디지털고,3,Female,54,80,80,javascript
55,Brandais,디지털고,1,Female,83,52,92,python
56,Hadleigh,단지고,1,Male,66,60,79,""
57,Siana,구로고,2,Female,55,84,64,python
58,Astrix,디지털고,2,Female,93,73,50,javascript
59,Blondell,디지털고,3,Female,83,58,65,javascript
60,Bentley,디지털고,1,Male,71,99,50,javascript
61,Herby,단지고,1,Male,94,96,52,C
62,Dorthy,단지고,3,Female,72,55,51,C
63,Mala,단지고,2,Female,91,90,67,javascript
64,Patric,구로고,1,Male,60,79,87,""
65,Marina,단지고,3,Female,78,100,56,python
66,Andeee,구로고,2,Female,72,57,58,""
67,Berri,디지털고,1,Female,77,61,72,javascript
68,De,구로고,2,Female,72,92,70,""
69,Agatha,구로고,3,Female,83,66,71,javascript
70,Nichole,구로고,2,Female,88,81,54,python
71,Quillan,단지고,2,Male,57,95,96,python
72,Blanca,단지고,3,Female,63,72,99,python
73,Dennison,구로고,2,Male,84,77,64,javascript
74,Whitman,구로고,2,Male,86,91,79,Java
75,Hans,구로고,1,Male,57,73,96,Java
76,Tod,구로고,3,Male,91,80,80,python
77,Oren,디지털고,3,Male,87,93,86,javascript
78,Tad,구로고,3,Male,83,62,86,""
79,Velvet,디지털고,1,Female,51,80,91,Java
80,Keene,디지털고,3,Male,97,58,52,""
81,Dennet,디지털고,1,Male,100,94,81,python
82,Norrie,구로고,1,Female,80,100,84,javascript
83,Christophorus,구로고,3,Male,59,92,95,C
84,Morlee,디지털고,1,Male,93,72,97,javascript
85,Angeli,디지털고,2,Male,82,69,86,C
86,Darell,디지털고,1,Female,96,50,55,""
87,Aridatha,단지고,3,Female,99,77,91,Java
88,Heinrik,단지고,2,Male,76,95,84,Java
89,Valerye,구로고,3,Female,97,93,83,""
90,Tiffani,단지고,2,Female,91,54,83,""
91,Harold,단지고,2,Male,63,76,83,python
92,Berkie,구로고,1,Male,96,98,86,C
93,Rachel,구로고,1,Female,53,53,93,python
94,Kalil,구로고,2,Male,64,62,100,""
95,Umberto,디지털고,1,Male,51,65,74,python
96,Cybil,디지털고,3,Female,72,54,87,""
97,Von,구로고,3,Male,68,66,68,C
98,Abelard,디지털고,2,Male,64,72,76,Java
99,Rubin,단지고,2,Male,86,59,68,Java
100,Ashley,구로고,1,Male,55,79,65,python
101,Claresta,구로고,1,Female,86,94,73,javascript
102,Gifford,단지고,2,Male,60,82,92,javascript
103,Umeko,구로고,1,Female,74,76,84,javascript
104,Aryn,단지고,1,Female,51,81,58,javascript
105,Cecilla,단지고,1,Female,52,97,97,C
106,Ezekiel,디지털고,3,Male,99,91,53,""
107,Justus,단지고,1,Male,66,50,76,C
108,Norean,구로고,3,Female,96,73,63,python
109,Winni,디지털고,2,Female,97,89,76,C
110,Rhody,구로고,3,Female,58,79,78,""
111,Regine,구로고,1,Female,92,60,83,""
112,Emelina,디지털고,1,Female,91,81,51,Java
113,Perle,디지털고,1,Female,83,84,93,python
114,Robers,디지털고,1,Male,58,82,86,C
115,Efrem,단지고,1,Male,72,61,64,python
116,Jyoti,구로고,2,Female,82,50,61,Java
117,Stanleigh,디지털고,3,Male,75,61,96,""
118,Marguerite,디지털고,2,Female,67,61,70,javascript
119,Marris,구로고,3,Female,72,66,78,Java
120,Alfonso,단지고,1,Male,51,78,76,Java
121,Forrester,단지고,2,Male,94,56,52,C
122,Justine,디지털고,3,Female,58,91,56,Java
123,Norby,구로고,3,Male,98,69,100,javascript
124,Maurita,구로고,2,Female,96,99,52,""
125,Steffen,디지털고,1,Male,85,72,58,Java
126,Ainslie,디지털고,2,Female,61,94,88,Java
127,Meade,구로고,1,Male,86,87,95,Java
128,Salome,단지고,2,Female,76,50,51,""
129,Kassia,단지고,2,Female,50,99,96,javascript
130,Toby,구로고,3,Male,63,60,78,Java
131,Onfroi,구로고,2,Male,90,65,65,""
132,Anton,구로고,1,Male,83,91,61,javascript
133,Erl,디지털고,2,Male,81,96,62,Java
134,Jacquenetta,단지고,3,Female,90,83,81,C
135,Melodie,단지고,3,Female,96,87,90,C
136,Heddi,디지털고,1,Female,69,82,100,""
137,Emili,디지털고,2,Female,86,70,83,python
138,Rica,디지털고,3,Female,50,75,66,""
139,Xymenes,디지털고,2,Male,66,86,54,""
140,Gaven,구로고,2,Male,54,58,52,""
141,Daisi,디지털고,2,Female,52,52,87,javascript
142,Roth,디지털고,1,Male,79,62,66,C
143,Beauregard,단지고,1,Male,86,78,65,javascript
144,Tadeas,단지고,2,Male,76,54,94,C
145,Keen,디지털고,2,Male,56,94,68,python
146,Delainey,구로고,1,Male,52,96,51,C
147,Em,단지고,2,Male,75,80,81,python
148,Hilde,구로고,3,Female,65,56,76,python
149,Rosetta,구로고,3,Female,94,97,86,""
150,Lyon,디지털고,3,Male,88,63,66,C
151,Alisha,구로고,2,Female,61,58,71,python
152,Pembroke,단지고,1,Male,67,64,56,Java
153,Renard,구로고,1,Male,93,99,73,Java
154,Miriam,디지털고,1,Female,54,69,80,python
155,Douglas,구로고,1,Male,56,75,81,""
156,Aldric,구로고,1,Male,61,84,59,Java
157,Frans,구로고,3,Male,55,79,68,""
158,Jobina,디지털고,2,Female,90,69,100,javascript
159,Stacy,구로고,2,Female,95,78,92,C
160,Findley,디지털고,2,Male,64,62,77,C
161,Dannye,구로고,2,Female,93,56,57,javascript
162,Sal,구로고,2,Male,50,51,79,Java
163,Valma,구로고,3,Female,95,88,100,C
164,Erick,단지고,3,Male,55,88,89,python
165,Gipsy,단지고,3,Female,57,96,58,python
166,De witt,디지털고,3,Male,57,56,63,Java
167,Dana,구로고,1,Male,82,85,72,Java
168,Calida,구로고,3,Female,60,50,64,Java
169,Cynthy,디지털고,1,Female,51,58,64,Java
170,Granger,구로고,2,Male,52,67,90,""
171,Spike,단지고,2,Male,94,50,51,""
172,Gil,구로고,1,Male,59,62,50,javascript
173,Timothea,구로고,1,Female,90,75,63,""
174,Claudia,디지털고,3,Female,65,58,67,python
175,Gerda,디지털고,3,Female,99,88,99,""
176,Livia,구로고,1,Female,76,73,93,""
177,Clemmie,구로고,1,Male,61,95,79,""
178,Clerc,단지고,1,Male,65,81,85,""
179,Armand,디지털고,1,Male,56,66,67,javascript
180,Cory,단지고,3,Male,97,68,76,python
181,Vitoria,구로고,1,Female,75,69,100,Java
182,Quill,단지고,3,Male,92,61,67,javascript
183,Lonna,디지털고,3,Female,89,53,51,""
184,Marylee,단지고,3,Female,73,60,86,python
185,Magda,구로고,3,Female,73,55,90,C
186,Theda,구로고,2,Female,100,94,94,""
187,Jillene,디지털고,1,Female,63,53,58,javascript
188,Herbert,디지털고,3,Male,81,80,65,C
189,Murray,단지고,3,Male,71,54,60,javascript
190,Wally,구로고,1,Female,80,60,68,Java
191,Sallyanne,단지고,1,Female,95,53,59,Java
192,Albina,단지고,1,Female,80,58,92,""
193,Axe,디지털고,2,Male,83,52,98,python
194,Frankie,구로고,2,Male,91,70,97,""
195,Johnath,디지털고,3,Female,54,61,57,javascript
196,Robinson,구로고,2,Male,53,85,52,Java
197,Dahlia,디지털고,2,Female,53,57,98,javascript
198,Jenda,구로고,1,Female,100,64,55,javascript
199,Delmer,단지고,1,Male,88,79,54,python
200,Murial,디지털고,1,Female,72,98,53,javascript
201,Emilee,구로고,3,Female,69,59,59,""
202,Felicdad,구로고,2,Female,54,59,59,python
203,Emory,단지고,3,Male,87,60,54,C
204,Alain,디지털고,1,Male,94,95,74,javascript
205,Roosevelt,구로고,3,Male,78,100,85,Java
206,Neils,단지고,2,Male,83,54,94,Java
207,Ariel,구로고,3,Male,71,53,63,Java
208,John,구로고,2,Male,100,58,80,javascript
209,Glynn,단지고,2,Male,79,68,100,Java
210,Griffy,디지털고,2,Male,79,62,69,C
211,Jenny,단지고,1,Female,97,91,81,C
212,Rik,디지털고,2,Male,51,79,51,javascript
213,Luz,디지털고,1,Female,78,61,94,javascript
214,Oren,구로고,3,Male,67,64,61,python
215,Hermon,단지고,1,Male,52,79,62,Java
216,Vladamir,단지고,3,Male,89,59,74,""
217,Sylvester,디지털고,3,Male,71,76,73,Java
218,Harley,단지고,1,Female,52,78,73,python
219,Tymothy,디지털고,1,Male,95,54,77,Java
220,Chrisy,단지고,3,Male,69,84,94,Java
221,Branden,디지털고,1,Male,79,84,73,C
222,Merill,디지털고,1,Male,57,51,63,javascript
223,Wilie,단지고,3,Female,98,78,63,javascript
224,Franky,디지털고,1,Male,70,93,79,Java
225,Edee,구로고,1,Female,76,93,96,Java
226,Rori,디지털고,3,Female,66,66,87,C
227,Sayers,구로고,1,Male,60,98,73,Java
228,Salomone,디지털고,1,Male,96,58,70,""
229,Linda,단지고,2,Female,84,92,83,python
230,Simonne,구로고,3,Female,93,88,65,C
231,Stefan,단지고,2,Male,90,72,88,""
232,Ally,구로고,2,Female,68,65,89,C
233,Thomasin,구로고,3,Female,60,85,70,python
234,Ody,디지털고,3,Male,98,75,78,C
235,Justinn,단지고,1,Female,95,50,74,python
236,Niki,디지털고,1,Male,82,94,59,python
237,Ford,디지털고,1,Male,76,64,83,javascript
238,Mikel,구로고,2,Male,82,54,92,javascript
239,Bettine,디지털고,1,Female,61,87,95,javascript
240,Tersina,구로고,2,Female,73,80,87,javascript
241,Maitilde,디지털고,3,Female,60,99,79,javascript
242,Bobby,단지고,2,Male,76,69,94,""
243,Gerta,단지고,3,Female,84,55,75,javascript
244,Charlean,디지털고,2,Female,90,98,73,Java
245,Dennet,디지털고,3,Male,74,94,78,C
246,Norry,단지고,2,Female,74,65,65,Java
247,Delilah,디지털고,3,Female,83,100,78,Java
248,Earle,단지고,1,Male,82,75,59,""
249,Tanney,디지털고,3,Male,60,70,60,C
250,Fania,구로고,1,Female,79,64,97,C
251,Grantham,단지고,2,Male,74,88,88,javascript
252,Chad,구로고,1,Male,90,80,53,python
253,Karin,구로고,3,Female,55,88,83,""
254,Pearce,디지털고,2,Male,56,88,65,javascript
255,Salvidor,구로고,2,Male,95,89,71,python
256,Maribeth,디지털고,1,Female,89,53,79,Java
257,Jacques,디지털고,2,Male,53,92,74,python
258,Sherline,구로고,3,Female,60,89,81,""
259,Adore,단지고,2,Female,53,64,69,python
260,Margarethe,단지고,2,Female,81,62,80,""
261,Tara,구로고,3,Female,59,89,78,C
262,Laura,구로고,3,Female,86,77,85,C
263,Pascale,단지고,2,Male,90,73,70,C
264,Calhoun,디지털고,2,Male,76,100,53,C
265,Vilhelmina,구로고,2,Female,67,60,81,Java
266,Elinor,단지고,3,Female,97,63,85,C
267,Cullin,구로고,1,Male,52,89,54,javascript
268,Sib,단지고,1,Female,78,71,65,python
269,Natal,구로고,2,Male,52,55,59,javascript
270,Adela,디지털고,2,Female,67,97,92,""
271,Westley,단지고,3,Male,79,76,94,""
272,Zita,구로고,2,Female,69,90,65,Java
273,Domenic,구로고,3,Male,60,51,51,Java
274,Gypsy,디지털고,2,Female,91,70,98,javascript
275,Esdras,디지털고,3,Male,92,53,54,python
276,Koo,단지고,1,Female,58,69,80,Java
277,Ann-marie,구로고,3,Female,77,77,88,C
278,Guthry,구로고,1,Male,80,81,93,Java
279,Duncan,구로고,2,Male,75,56,60,Java
280,Robin,디지털고,1,Female,54,65,98,""
281,Gus,단지고,2,Female,94,78,71,Java
282,Jocko,디지털고,1,Male,51,94,58,""
283,Yvonne,단지고,3,Female,83,83,65,""
284,Almeria,디지털고,3,Female,75,82,82,javascript
285,Rubetta,단지고,1,Female,87,92,89,python
286,Rois,디지털고,3,Female,59,70,81,C
287,Collie,디지털고,2,Female,87,65,66,C
288,Rance,단지고,3,Male,100,68,79,javascript
289,Tarrah,디지털고,2,Female,98,71,86,""
290,Henrieta,구로고,3,Female,77,83,88,C
291,Tessi,디지털고,1,Female,83,79,69,""
292,Elijah,구로고,2,Male,99,92,72,Java
293,Gardy,단지고,2,Male,98,82,96,C
294,Brady,디지털고,2,Male,88,88,80,python
295,Eleanora,디지털고,2,Female,97,63,86,C
296,Walt,구로고,2,Male,54,55,89,python
297,Clemmie,단지고,2,Female,100,90,99,""
298,Glenn,디지털고,3,Female,100,61,66,C
299,Herbert,단지고,1,Male,93,91,66,python
300,Jehanna,디지털고,3,Female,78,77,95,python
301,Caresa,단지고,1,Female,60,57,96,C
302,Celestyn,구로고,3,Female,60,79,72,C
303,Trish,디지털고,2,Female,81,95,72,""
304,Orel,디지털고,3,Female,85,88,94,python
305,Sylvester,디지털고,3,Male,67,72,53,python
306,Venita,단지고,3,Female,86,92,94,Java
307,Jo-anne,디지털고,2,Female,61,50,96,C
308,Mischa,디지털고,2,Male,70,93,98,""
309,Rubie,구로고,1,Female,63,53,55,javascript
310,Josselyn,단지고,2,Female,78,56,85,Java
311,Marchall,디지털고,1,Male,94,58,85,javascript
312,Reynolds,구로고,2,Male,61,61,88,javascript
313,Ibrahim,구로고,1,Male,85,85,61,""
314,Sephira,디지털고,3,Female,63,69,93,""
315,Hy,구로고,3,Male,94,55,67,C
316,Lidia,디지털고,3,Female,72,64,54,""
317,Olly,구로고,3,Female,90,64,69,Java
318,Robinet,디지털고,1,Male,83,58,58,Java
319,Mathias,구로고,2,Male,81,77,66,Java
320,Warde,구로고,2,Male,96,76,92,python
321,Terence,구로고,3,Male,56,79,55,""
322,Pepillo,단지고,2,Male,97,53,99,Java
323,Kaine,디지털고,1,Male,64,81,76,python
324,Henrieta,단지고,2,Female,58,81,65,Java
325,Reggis,구로고,3,Male,93,63,78,C
326,Vivienne,구로고,2,Female,82,71,100,""
327,Jarid,구로고,1,Male,98,63,76,""
328,Stephana,단지고,2,Female,90,65,99,python
329,Brittne,디지털고,3,Female,96,85,71,python
330,Denni,구로고,1,Female,93,84,70,""
331,Kyrstin,단지고,2,Female,50,87,69,""
332,Doll,단지고,3,Female,70,51,76,javascript
333,Somerset,디지털고,3,Male,52,93,63,Java
334,Chantalle,디지털고,1,Female,93,98,54,""
335,Parnell,단지고,3,Male,50,51,90,javascript
336,Leonid,단지고,1,Male,95,52,89,C
337,Clare,단지고,3,Male,77,99,76,C
338,Adena,단지고,1,Female,60,82,70,""
339,Margarita,구로고,3,Female,51,90,88,javascript
340,Laurianne,구로고,2,Female,83,96,64,python
341,Nicolas,구로고,2,Male,53,87,76,C
342,Flinn,디지털고,3,Male,91,88,82,""
343,Redford,디지털고,1,Male,69,53,77,javascript
344,Alvan,단지고,3,Male,94,70,78,Java
345,Celene,디지털고,1,Female,77,74,79,Java
346,Winny,디지털고,1,Female,94,71,94,""
347,Lil,디지털고,3,Female,76,84,87,Java
348,Der,디지털고,3,Male,61,69,59,javascript
349,Merill,단지고,2,Male,93,93,60,Java
350,Barr,구로고,1,Male,79,73,57,Java
351,Sergio,단지고,3,Male,58,71,73,javascript
352,Tab,구로고,1,Male,93,85,88,javascript
353,Ami,구로고,2,Female,76,69,81,javascript
354,Clarita,구로고,3,Female,66,86,93,python
355,Abe,디지털고,2,Male,64,78,79,javascript
356,Corette,구로고,3,Female,88,51,98,""
357,Nicholas,구로고,1,Male,50,94,78,""
358,Denise,구로고,2,Female,68,55,95,javascript
359,Tabbatha,구로고,2,Female,52,58,94,""
360,Boyce,디지털고,1,Male,72,70,75,""
361,Jane,디지털고,3,Female,74,84,57,Java
362,Carling,구로고,3,Male,71,56,58,""
363,Darbie,디지털고,2,Female,65,67,77,C
364,Gerick,디지털고,3,Male,95,90,52,C
365,Felicio,단지고,3,Male,55,51,73,""
366,Araldo,디지털고,3,Male,95,63,97,python
367,Rea,구로고,3,Female,68,69,67,C
368,Deanna,단지고,3,Female,65,77,81,C
369,Kippie,디지털고,3,Female,79,69,94,""
370,Garek,단지고,2,Male,60,57,76,Java
371,Ardelia,디지털고,1,Female,79,70,52,Java
372,Lee,구로고,2,Male,89,68,52,C
373,Coralyn,구로고,2,Female,53,66,73,Java
374,Hedvig,단지고,2,Female,80,66,95,javascript
375,Blinni,단지고,1,Female,68,72,61,javascript
376,Valentijn,구로고,2,Male,97,69,98,python
377,Ashlin,구로고,3,Male,72,99,66,python
378,Andrew,디지털고,2,Male,96,76,86,python
379,Robert,구로고,3,Male,72,77,74,C
380,Sascha,구로고,3,Female,70,96,93,javascript
381,Kizzee,구로고,2,Female,66,65,61,python
382,Debbie,단지고,1,Female,85,75,89,python
383,Fletcher,디지털고,3,Male,100,63,94,C
384,Tim,단지고,2,Male,76,60,70,C
385,Simmonds,구로고,1,Male,55,54,97,javascript
386,Frederico,구로고,3,Male,76,83,85,""
387,Dani,디지털고,3,Female,75,86,62,javascript
388,Adam,디지털고,2,Male,76,78,75,C
389,Ross,구로고,2,Male,52,87,100,javascript
390,Brook,디지털고,2,Male,91,55,85,javascript
391,Hoebart,구로고,2,Male,57,96,93,""
392,Eugenius,구로고,2,Male,60,96,60,python
393,Brittne,구로고,3,Female,59,83,59,javascript
394,Jeramie,구로고,3,Male,70,57,72,C
395,Wendye,구로고,1,Female,93,97,57,C
396,Val,단지고,2,Male,78,78,67,""
397,Innis,단지고,2,Male,88,56,57,python
398,Ines,단지고,1,Female,64,55,83,C
399,Emmanuel,구로고,3,Male,64,76,61,""
400,Josh,디지털고,3,Male,74,57,77,""
401,Rhonda,구로고,1,Female,98,77,92,""
402,Terrie,디지털고,3,Female,53,68,67,Java
403,Alick,구로고,2,Male,97,88,60,""
404,Rasia,구로고,1,Female,80,97,69,javascript
405,Silvester,구로고,2,Male,69,79,93,C
406,Myrtice,단지고,3,Female,80,78,74,C
407,Tish,구로고,2,Female,88,83,97,javascript
408,Leonie,단지고,1,Female,98,62,75,javascript
409,Cristen,구로고,3,Female,82,88,59,python
410,Jerrie,단지고,3,Male,57,91,73,Java
411,Crawford,디지털고,3,Male,93,70,65,javascript
412,Daisy,디지털고,1,Female,74,51,51,C
413,Merry,디지털고,1,Female,68,65,74,javascript
414,Jerrie,단지고,1,Female,98,95,70,Java
415,Ingaborg,디지털고,2,Female,76,60,59,Java
416,Donavon,디지털고,2,Male,91,70,73,Java
417,Garland,단지고,1,Female,97,90,56,python
418,Marcellus,구로고,3,Male,69,52,94,python
419,Meridel,단지고,3,Female,54,96,54,javascript
420,Honor,단지고,1,Female,63,99,88,javascript
421,Becki,디지털고,3,Female,58,57,84,python
422,Martainn,디지털고,1,Male,95,70,71,javascript
423,Dalston,디지털고,3,Male,86,98,55,javascript
424,Sylas,디지털고,1,Male,91,66,89,C
425,Chaddie,구로고,1,Male,56,67,59,python
426,Flore,단지고,1,Female,71,89,66,javascript
427,Marcela,디지털고,3,Female,91,84,77,""
428,Berry,디지털고,3,Female,97,51,77,javascript
429,Arie,구로고,3,Male,82,50,90,javascript
430,Joshia,단지고,1,Male,74,88,76,javascript
431,Rob,구로고,3,Male,86,58,98,javascript
432,Idell,디지털고,1,Female,67,98,55,C
433,Miquela,디지털고,3,Female,62,88,59,Java
434,Adan,단지고,3,Male,52,58,97,""
435,Virgilio,단지고,1,Male,83,59,99,javascript
436,Irwin,디지털고,1,Male,72,87,68,C
437,Olivette,디지털고,1,Female,60,82,89,C
438,Leola,단지고,2,Female,50,66,60,C
439,Iseabal,단지고,3,Female,62,96,87,Java
440,Allard,단지고,3,Male,53,79,64,""
441,Janelle,구로고,1,Female,85,74,79,Java
442,Hamlen,디지털고,1,Male,56,62,83,Java
443,Franny,단지고,2,Female,100,75,83,javascript
444,Florencia,단지고,1,Female,73,60,81,javascript
445,Herc,구로고,3,Male,58,82,99,python
446,Ashly,디지털고,1,Female,100,53,84,javascript
447,Doralynne,단지고,2,Female,69,79,75,""
448,Killie,구로고,2,Male,95,64,92,javascript
449,Siouxie,구로고,2,Female,73,97,69,python
450,Jerome,디지털고,1,Male,93,97,97,Java
451,Anastasia,단지고,3,Female,94,84,78,C
452,Sheffield,디지털고,2,Male,96,58,65,python
453,Edithe,디지털고,2,Female,83,95,68,python
454,Lavena,구로고,3,Female,50,86,92,C
455,Christiano,단지고,1,Male,96,92,80,Java
456,Abbey,단지고,2,Female,51,91,64,""
457,Merridie,디지털고,1,Female,67,56,81,C
458,Humfried,디지털고,2,Male,59,51,88,javascript
459,Prinz,디지털고,3,Male,51,81,77,""
460,Vincents,구로고,1,Male,99,52,89,javascript
461,Judy,구로고,1,Female,97,74,72,C
462,Demetra,구로고,3,Female,80,52,77,Java
463,Bard,디지털고,2,Male,82,66,90,""
464,Aurore,디지털고,1,Female,76,75,66,Java
465,Liliane,구로고,2,Female,85,87,55,javascript
466,Cary,디지털고,3,Female,57,83,92,Java
467,Veradis,구로고,2,Female,94,82,92,javascript
468,Joey,디지털고,3,Male,94,76,56,C
469,Earlie,단지고,3,Male,93,65,53,python
470,Malva,디지털고,2,Female,86,98,81,python
471,Fred,구로고,2,Male,51,52,50,C
472,Rafaello,디지털고,3,Male,68,77,78,C
473,Ericha,디지털고,1,Female,96,62,75,python
474,Reina,디지털고,1,Female,84,100,91,C
475,Winifred,구로고,2,Female,70,58,94,""
476,Delora,구로고,1,Female,59,65,83,javascript
477,Sonja,구로고,3,Female,56,66,91,python
478,Jefferey,단지고,3,Male,54,92,72,""
479,Meryl,구로고,1,Male,91,62,56,python
480,Buckie,디지털고,1,Male,60,61,51,""
481,Dodie,단지고,2,Female,66,98,73,python
482,Waylon,디지털고,1,Male,95,95,67,Java
483,Maxie,단지고,1,Female,54,62,66,javascript
484,Kinnie,디지털고,2,Male,60,89,90,python
485,Therese,구로고,1,Female,65,66,72,C
486,Danell,구로고,2,Female,77,63,91,javascript
487,Tanya,디지털고,2,Female,61,50,100,python
488,Thom,단지고,1,Male,71,53,79,python
489,Jamesy,디지털고,1,Male,100,93,71,C
490,Stephanie,단지고,2,Female,59,99,57,""
491,Hamish,구로고,3,Male,77,82,84,Java
492,Melantha,구로고,3,Female,71,57,54,python
493,Shaun,구로고,1,Female,70,55,58,javascript
494,Adria,구로고,1,Female,81,88,76,""
495,Frankie,구로고,1,Male,94,79,91,javascript
496,Ara,단지고,2,Male,86,69,87,python
497,Zerk,단지고,3,Male,78,87,61,Java
498,Brod,디지털고,2,Male,99,99,68,python
499,Sapphire,구로고,3,Female,65,99,86,C
500,Umeko,구로고,2,Female,65,73,66,C
501,Lyndell,단지고,1,Female,67,78,87,Java
502,Kynthia,디지털고,1,Female,78,96,74,C
503,Tadeas,구로고,2,Male,89,68,64,""
504,Tyrus,구로고,3,Male,83,93,61,python
505,Edeline,단지고,2,Female,53,85,56,""
506,Tait,구로고,1,Male,72,75,60,C
507,Letizia,디지털고,1,Female,73,90,82,python
508,Yolanda,디지털고,3,Female,64,88,73,python
509,Ewan,단지고,3,Male,66,74,55,python
510,Ferdinanda,구로고,2,Female,73,69,86,C
511,Ad,구로고,2,Male,92,85,63,Java
512,Jeffry,구로고,1,Male,78,98,50,javascript
513,Reinhard,단지고,3,Male,82,53,60,python
514,Geoffry,단지고,2,Male,55,72,77,javascript
515,Angela,디지털고,3,Female,53,100,75,Java
516,Enos,구로고,1,Male,90,76,55,""
517,Lewes,단지고,3,Male,67,88,50,C
518,William,디지털고,3,Male,76,77,88,C
519,Peta,디지털고,1,Female,58,62,66,C
520,Olga,단지고,2,Female,73,98,67,C
521,Illa,구로고,3,Female,100,55,54,javascript
522,Francoise,구로고,3,Female,59,87,56,""
523,Lotta,단지고,3,Female,77,80,82,javascript
524,Evangelin,디지털고,3,Female,61,54,71,Java
525,Odella,구로고,2,Female,75,75,92,Java
526,Janela,구로고,1,Female,58,93,54,C
527,Wally,디지털고,3,Male,95,85,91,C
528,Meridel,단지고,1,Female,94,89,88,python
529,Rebe,구로고,1,Female,95,73,70,python
530,Trina,디지털고,1,Female,98,100,82,Java
531,Gaston,단지고,2,Male,50,57,71,""
532,Maxine,구로고,2,Female,85,95,75,""
533,Lilli,단지고,3,Female,50,90,67,C
534,Avery,구로고,1,Male,94,72,62,python
535,Gaelan,디지털고,2,Male,96,78,99,""
536,Rodd,구로고,3,Male,71,67,52,python
537,Betta,구로고,1,Female,81,58,65,python
538,Willetta,구로고,2,Female,75,69,82,Java
539,Gerri,구로고,1,Female,78,54,74,""
540,Sidnee,디지털고,3,Male,61,99,100,python
541,Carleen,디지털고,3,Female,82,62,71,""
542,Jody,디지털고,1,Male,68,52,88,C
543,Stillmann,단지고,2,Male,99,66,62,javascript
544,Anatole,단지고,2,Male,69,82,55,""
545,Harriott,단지고,2,Female,73,80,99,python
546,Fan,단지고,3,Female,63,53,80,javascript
547,Flemming,단지고,3,Male,92,94,61,""
548,Annabell,디지털고,3,Female,55,91,92,javascript
549,Seymour,단지고,1,Male,63,60,56,C
550,Wilmer,구로고,2,Male,92,56,81,Java
551,Marice,구로고,1,Female,66,51,56,Java
552,Koressa,디지털고,3,Female,78,59,73,Java
553,Mallissa,단지고,2,Female,77,64,62,Java
554,Eric,디지털고,2,Male,51,94,77,python
555,Ilene,구로고,3,Female,88,57,86,C
556,Jae,구로고,3,Male,71,61,52,Java
557,Danica,단지고,1,Female,78,80,92,javascript
558,Fran,디지털고,2,Female,80,94,87,C
559,Pietra,디지털고,1,Female,53,59,65,javascript
560,Gonzales,단지고,2,Male,77,88,97,python
561,Anatol,구로고,1,Male,71,74,63,python
562,Lek,단지고,1,Male,51,92,70,javascript
563,Marijn,디지털고,3,Male,52,56,50,C
564,Mirelle,디지털고,3,Female,53,97,52,python
565,Herb,단지고,3,Male,59,57,96,Java
566,Jacky,디지털고,2,Female,57,75,96,javascript
567,Geneva,구로고,2,Female,67,61,98,Java
568,Kailey,디지털고,2,Female,94,80,65,""
569,Garvy,단지고,2,Male,76,100,67,python
570,Deidre,구로고,2,Female,57,93,75,javascript
571,Katrina,단지고,2,Female,94,56,71,javascript
572,Felice,단지고,1,Male,87,65,56,python
573,Selia,단지고,1,Female,70,57,88,javascript
574,Andree,디지털고,2,Female,69,75,70,""
575,Vonni,단지고,2,Female,87,62,66,C
576,Paulita,디지털고,2,Female,52,95,65,python
577,Rudiger,단지고,1,Male,89,64,59,python
578,Gael,디지털고,3,Female,77,71,76,Java
579,Chase,디지털고,3,Male,58,72,92,C
580,Anestassia,디지털고,3,Female,94,71,59,javascript
581,Tallou,단지고,3,Female,51,70,59,Java
582,Julianna,구로고,2,Female,70,57,75,javascript
583,Charisse,디지털고,1,Female,51,74,65,javascript
584,Winifield,디지털고,3,Male,50,56,79,""
585,Keene,구로고,2,Male,71,74,54,javascript
586,Tynan,디지털고,2,Male,92,60,93,Java
587,Myrta,디지털고,3,Female,95,82,54,C
588,Harper,구로고,2,Male,74,88,89,C
589,Skylar,구로고,2,Male,76,78,90,""
590,Lek,구로고,3,Male,100,79,54,""
591,Humberto,구로고,1,Male,57,93,66,Java
592,Addison,구로고,3,Male,74,68,70,C
593,Renaud,단지고,1,Male,84,91,89,javascript
594,Nickie,디지털고,3,Male,68,86,95,C
595,Sisile,단지고,1,Female,82,55,92,C
596,Doloritas,디지털고,2,Female,69,86,87,Java
597,Eleanore,단지고,3,Female,87,53,50,""
598,Anatol,단지고,2,Male,77,68,83,""
599,Jordon,구로고,1,Male,99,76,63,""
600,Mavra,구로고,1,Female,84,68,71,C
601,Ephrem,구로고,3,Male,82,76,97,""
602,Maxim,디지털고,3,Male,54,59,61,Java
603,Benjamin,디지털고,3,Male,88,96,52,""
604,Reinhard,단지고,3,Male,57,88,63,""
605,Dorry,단지고,2,Female,64,81,55,Java
606,Lodovico,단지고,1,Male,61,96,51,Java
607,Lorinda,디지털고,3,Female,82,65,89,Java
608,Danni,구로고,1,Female,79,58,67,C
609,Jillana,구로고,2,Female,67,77,54,python
610,Isis,디지털고,2,Female,74,79,61,Java
611,Lucie,디지털고,2,Female,78,97,62,Java
612,Luci,디지털고,1,Female,60,73,100,javascript
613,Abagail,단지고,3,Female,95,84,62,javascript
614,Shelba,단지고,3,Female,90,76,52,python
615,Alexa,디지털고,1,Female,73,89,97,Java
616,Evangeline,단지고,1,Female,57,87,96,python
617,Claudette,구로고,3,Female,60,89,62,""
618,Meir,단지고,1,Male,89,56,87,Java
619,Osbourn,구로고,3,Male,78,96,86,python
620,Venita,디지털고,1,Female,58,77,62,""
621,Trumann,구로고,3,Male,97,100,71,C
622,Torrey,디지털고,1,Male,78,80,62,javascript
623,Michel,구로고,1,Male,100,94,69,C
624,Fulvia,구로고,2,Female,85,96,80,javascript
625,Katherina,디지털고,3,Female,96,50,84,python
626,Chrissie,단지고,1,Male,87,98,93,javascript
627,Elsbeth,디지털고,3,Female,77,82,56,Java
628,Tommie,단지고,1,Female,66,80,66,javascript
629,Lenore,단지고,3,Female,57,96,63,python
630,Sig,디지털고,3,Male,54,62,54,python
631,Forbes,디지털고,3,Male,94,61,75,javascript
632,Levy,디지털고,1,Male,66,97,78,Java
633,Guntar,구로고,3,Male,91,63,65,""
634,Maddy,디지털고,3,Female,96,97,83,""
635,Shepperd,단지고,2,Male,53,62,60,""
636,Crissie,디지털고,3,Female,59,64,83,python
637,Reiko,디지털고,1,Female,96,57,54,C
638,Marlin,단지고,2,Male,95,90,67,C
639,See,디지털고,3,Male,75,53,50,python
640,Blondie,단지고,3,Female,82,80,71,python
641,Karlis,디지털고,1,Male,62,71,73,javascript
642,Sherwin,디지털고,1,Male,91,51,96,C
643,Gerik,단지고,2,Male,99,61,52,Java
644,Lin,구로고,2,Female,67,64,59,""
645,Gianna,단지고,1,Female,59,94,74,python
646,Quinlan,디지털고,1,Male,63,58,76,C
647,Joellen,디지털고,1,Female,55,77,91,""
648,Dotty,구로고,1,Female,69,100,96,C
649,Lemuel,구로고,2,Male,82,80,53,""
650,Riccardo,구로고,3,Male,95,88,84,python
651,Ardelis,단지고,2,Female,78,64,75,python
652,Dena,디지털고,3,Female,51,95,93,javascript
653,Francisca,단지고,2,Female,55,62,50,Java
654,Zea,구로고,3,Female,100,54,78,javascript
655,Cyb,구로고,2,Female,93,91,94,C
656,Cora,단지고,1,Female,87,88,60,javascript
657,Adair,구로고,3,Male,81,60,60,C
658,Jacquelin,단지고,1,Female,57,69,90,python
659,Allan,구로고,2,Male,89,91,63,""
660,Harlie,구로고,3,Female,91,96,71,python
661,Beck,구로고,3,Male,92,55,69,Java
662,Evy,단지고,2,Female,51,77,88,javascript
663,Arnie,단지고,3,Male,73,52,97,javascript
664,Orelle,디지털고,1,Female,55,100,70,C
665,Barb,단지고,2,Female,72,67,86,javascript
666,Kris,디지털고,1,Male,71,86,65,javascript
667,Alasteir,단지고,3,Male,89,67,87,python
668,Annabal,단지고,3,Female,54,60,50,C
669,Thalia,구로고,3,Female,88,53,84,Java
670,Kaitlin,디지털고,1,Female,60,100,98,""
671,Claudianus,디지털고,1,Male,51,85,87,Java
672,Louis,단지고,1,Male,89,77,61,javascript
673,Neal,구로고,1,Male,56,81,63,python
674,Olenolin,디지털고,2,Male,97,52,87,python
675,Evelyn,단지고,1,Female,99,79,58,Java
676,Elmo,디지털고,3,Male,68,72,50,Java
677,Glenn,구로고,2,Female,94,84,62,Java
678,Ula,디지털고,3,Female,100,68,53,""
679,Sherilyn,단지고,2,Female,73,89,67,C
680,Alley,단지고,3,Male,51,57,90,""
681,Hanni,구로고,3,Female,99,76,59,python
682,Creighton,디지털고,1,Male,89,64,60,""
683,Izak,단지고,2,Male,70,60,66,javascript
684,Isidor,단지고,1,Male,75,96,77,python
685,Locke,구로고,1,Male,75,65,92,""
686,Briant,단지고,3,Male,77,71,51,C
687,Fianna,디지털고,3,Female,69,53,58,Java
688,Walker,구로고,3,Male,94,59,60,javascript
689,Vale,디지털고,3,Male,78,84,67,""
690,Trenna,단지고,2,Female,93,83,85,python
691,Elroy,디지털고,3,Male,87,65,85,Java
692,Hannie,구로고,1,Female,100,70,68,""
693,Hazlett,구로고,1,Male,89,59,70,python
694,Terra,단지고,3,Female,84,50,80,Java
695,Olenolin,디지털고,3,Male,74,53,55,Java
696,Guenna,단지고,2,Female,63,59,93,C
697,Patrica,디지털고,1,Female,78,65,98,javascript
698,Derward,구로고,3,Male,65,71,62,Java
699,Ivor,디지털고,2,Male,86,72,70,Java
700,Grantham,디지털고,3,Male,69,92,79,""
701,Manda,디지털고,1,Female,56,95,77,C
702,Elise,디지털고,1,Female,66,60,76,""
703,Erin,구로고,2,Male,90,53,88,javascript
704,Rea,디지털고,3,Female,72,55,77,javascript
705,Kahaleel,단지고,1,Male,83,83,97,javascript
706,Jase,구로고,3,Male,50,87,74,Java
707,Martica,구로고,1,Female,82,67,56,""
708,Wendall,디지털고,2,Male,57,70,53,javascript
709,Beauregard,구로고,2,Male,63,100,88,C
710,Ania,단지고,3,Female,54,93,96,C
711,Wandis,단지고,1,Female,63,99,100,javascript
712,Orbadiah,디지털고,3,Male,60,51,78,python
713,Dix,단지고,1,Female,81,80,76,C
714,Zsa zsa,단지고,3,Female,52,59,63,python
715,Barry,단지고,2,Male,69,86,77,C
716,Shaine,구로고,2,Male,65,61,63,Java
717,Raddy,단지고,2,Male,60,60,55,javascript
718,Langston,구로고,3,Male,65,70,66,python
719,Katinka,구로고,3,Female,98,89,51,javascript
720,Phillipe,단지고,2,Male,93,90,74,python
721,Hazel,구로고,3,Female,70,54,67,javascript
722,Duke,단지고,2,Male,73,83,79,javascript
723,Barry,디지털고,2,Female,61,94,75,C
724,Connor,단지고,2,Male,76,66,99,Java
725,Perice,디지털고,1,Male,73,62,55,C
726,Harrie,단지고,2,Female,84,97,74,javascript
727,Bernadina,디지털고,1,Female,65,85,76,""
728,Mella,디지털고,2,Female,66,71,63,C
729,Simone,구로고,1,Male,84,92,76,python
730,Dimitry,구로고,1,Male,76,51,79,C
731,Page,구로고,2,Female,59,51,93,C
732,Tobi,구로고,3,Female,88,81,100,javascript
733,Camala,구로고,1,Female,74,54,100,C
734,Roselin,구로고,2,Female,83,93,56,""
735,Pooh,구로고,3,Male,72,52,58,javascript
736,Coleman,구로고,1,Male,93,76,100,""
737,Harriette,단지고,2,Female,54,58,66,C
738,Osbourne,구로고,2,Male,80,80,89,python
739,Jessy,구로고,1,Female,80,73,59,python
740,Riccardo,구로고,2,Male,94,57,79,python
741,Matthieu,단지고,1,Male,65,77,85,C
742,Crysta,디지털고,3,Female,73,77,76,Java
743,Nichole,디지털고,2,Male,58,58,95,javascript
744,Melina,구로고,3,Female,90,96,89,""
745,Clem,단지고,1,Male,92,86,64,javascript
746,Kalinda,디지털고,3,Female,82,76,53,Java
747,Krystyna,단지고,1,Female,90,77,53,""
748,Arvy,디지털고,2,Male,56,79,66,C
749,Amii,구로고,3,Female,82,78,77,javascript
750,Iona,구로고,3,Female,87,82,80,python
751,Raf,디지털고,2,Female,82,80,56,""
752,Jolie,구로고,3,Female,67,58,95,python
753,Gib,단지고,2,Male,68,77,90,C
754,Dexter,단지고,3,Male,72,76,78,javascript
755,Natale,디지털고,2,Male,80,67,75,javascript
756,Ad,디지털고,3,Male,61,82,79,javascript
757,Xever,구로고,1,Male,76,54,76,""
758,Otis,디지털고,2,Male,100,53,97,python
759,Giffer,디지털고,3,Male,97,93,81,python
760,Abe,단지고,1,Male,61,75,96,""
761,Marlowe,구로고,1,Male,63,92,91,C
762,Joanie,구로고,1,Female,100,81,100,Java
763,Klement,디지털고,1,Male,92,74,76,C
764,Ephraim,디지털고,2,Male,93,82,71,C
765,Licha,디지털고,1,Female,75,58,99,Java
766,Kit,디지털고,1,Female,52,52,64,C
767,Florida,단지고,2,Female,72,97,96,javascript
768,Jarib,단지고,2,Male,66,82,55,""
769,Joshuah,디지털고,2,Male,61,68,99,python
770,Matthiew,디지털고,1,Male,84,50,55,""
771,George,디지털고,2,Male,60,54,83,Java
772,Bernard,디지털고,3,Male,65,88,80,Java
773,Syman,디지털고,3,Male,68,97,56,C
774,Frazer,구로고,2,Male,99,50,99,Java
775,Bessy,디지털고,1,Female,76,82,71,C
776,Marita,구로고,1,Female,94,82,72,C
777,Paddie,단지고,1,Male,79,50,51,javascript
778,Daren,디지털고,3,Male,93,50,90,""
779,Nina,디지털고,3,Female,99,54,87,python
780,Miguela,구로고,2,Female,98,64,76,C
781,Basilius,구로고,1,Male,83,81,63,python
782,Marion,단지고,3,Female,57,67,51,C
783,Buiron,단지고,3,Male,80,98,64,Java
784,Roley,단지고,2,Male,86,70,83,""
785,Reid,단지고,1,Male,88,76,93,javascript
786,Jermaine,디지털고,3,Male,65,50,65,javascript
787,Ula,단지고,1,Female,74,94,81,Java
788,Dominic,디지털고,1,Male,51,83,67,python
789,Zitella,단지고,3,Female,96,68,63,python
790,Leda,구로고,3,Female,76,76,68,python
791,Kylila,구로고,2,Female,79,66,94,javascript
792,Dian,구로고,3,Female,78,78,52,""
793,Margit,디지털고,1,Female,57,53,64,Java
794,Alejandro,단지고,2,Male,55,54,90,C
795,Cletus,단지고,3,Male,74,94,56,C
796,Karin,디지털고,2,Female,51,64,86,python
797,Lorie,단지고,1,Female,99,85,89,C
798,Stephanus,디지털고,2,Male,61,83,59,C
799,Willa,디지털고,2,Female,90,58,78,""
800,Isabel,구로고,1,Female,60,93,79,""
801,Orelle,구로고,2,Female,69,62,52,javascript
802,Melina,단지고,2,Female,59,85,79,C
803,Barbey,디지털고,2,Female,98,67,89,python
804,Dannye,단지고,2,Female,66,58,81,python
805,Hally,구로고,2,Female,63,60,65,javascript
806,Sully,구로고,1,Male,86,97,60,""
807,Tracee,구로고,1,Female,94,59,85,Java
808,Alfonse,디지털고,2,Male,64,90,58,Java
809,Sollie,단지고,2,Male,58,88,74,""
810,Lorie,구로고,3,Female,71,85,77,""
811,Bernadine,구로고,1,Female,92,76,59,""
812,Evered,디지털고,1,Male,96,79,87,javascript
813,Joleen,구로고,1,Female,81,58,55,""
814,Reagen,디지털고,2,Male,69,59,68,python
815,Brynna,구로고,1,Female,64,66,65,Java
816,Regina,디지털고,2,Female,63,71,56,""
817,Tomaso,디지털고,2,Male,59,90,94,python
818,Dmitri,단지고,1,Male,62,79,88,javascript
819,Arnold,디지털고,2,Male,68,81,61,C
820,Loraine,구로고,2,Female,90,76,86,""
821,Giuditta,단지고,2,Female,63,74,84,Java
822,Meghann,디지털고,1,Female,90,93,100,""
823,Consalve,디지털고,3,Male,76,52,97,C
824,Celestina,단지고,3,Female,64,87,77,Java
825,Carmon,구로고,3,Female,64,86,68,python
826,Carmelina,구로고,3,Female,72,92,72,Java
827,Sande,단지고,3,Female,69,56,91,python
828,Harriett,구로고,3,Female,67,92,67,python
829,Rollins,단지고,1,Male,99,68,56,python
830,Merill,단지고,2,Male,95,89,89,python
831,Stacy,단지고,2,Female,57,77,70,python
832,Dyna,단지고,3,Female,58,68,73,Java
833,Tildi,구로고,3,Female,51,64,57,C
834,Alvina,구로고,2,Female,72,76,68,""
835,Heddi,단지고,2,Female,63,71,79,python
836,Noland,디지털고,3,Male,70,72,70,javascript
837,Haily,단지고,2,Male,79,95,99,python
838,Stinky,단지고,2,Male,61,82,80,python
839,Alvan,단지고,2,Male,56,73,62,""
840,Manuel,디지털고,3,Male,80,60,55,C
841,Wittie,구로고,1,Male,73,100,71,javascript
842,Krystle,디지털고,2,Female,85,85,60,Java
843,Drew,디지털고,1,Male,68,84,82,python
844,Leontyne,구로고,2,Female,98,97,76,""
845,Elysha,디지털고,3,Female,93,79,73,javascript
846,Beck,구로고,3,Male,52,74,91,Java
847,Josefina,구로고,3,Female,91,54,67,python
848,Cullin,구로고,1,Male,66,91,57,Java
849,Janessa,구로고,2,Female,76,86,56,javascript
850,Margette,디지털고,3,Female,74,98,98,""
851,Brennan,디지털고,3,Male,91,77,67,javascript
852,Lilllie,디지털고,1,Female,53,82,72,C
853,Roxy,디지털고,3,Female,62,80,53,C
854,Clo,구로고,1,Female,100,99,50,C
855,Ariela,디지털고,1,Female,77,85,99,Java
856,Marcellus,단지고,2,Male,74,96,58,C
857,Grover,구로고,1,Male,99,92,92,C
858,Pall,구로고,1,Male,64,75,82,javascript
859,Adolf,단지고,1,Male,68,71,82,C
860,Lutero,디지털고,2,Male,67,84,61,C
861,Will,디지털고,3,Male,60,96,99,C
862,Shelley,단지고,1,Female,62,51,63,javascript
863,Abramo,구로고,1,Male,90,81,72,C
864,Barb,디지털고,2,Female,55,98,99,""
865,Christoforo,단지고,1,Male,72,51,85,javascript
866,Gerianna,디지털고,3,Female,59,76,87,Java
867,Gamaliel,구로고,1,Male,90,60,87,""
868,Brion,구로고,1,Male,61,81,51,javascript
869,Harlen,구로고,2,Male,97,86,92,python
870,Casie,구로고,3,Female,76,57,89,C
871,Carr,단지고,1,Male,87,67,78,""
872,Si,디지털고,1,Male,55,59,69,python
873,Othelia,디지털고,2,Female,92,63,74,javascript
874,Taite,단지고,1,Male,58,61,63,C
875,Wally,구로고,1,Male,72,88,66,javascript
876,Karen,디지털고,2,Female,77,83,84,Java
877,Julina,구로고,3,Female,54,83,90,python
878,Elnora,디지털고,2,Female,54,77,87,Java
879,Giorgio,단지고,1,Male,85,98,52,Java
880,Tammie,구로고,2,Male,51,77,65,Java
881,Yoshi,구로고,2,Female,92,55,51,Java
882,Eliza,디지털고,2,Female,96,77,70,Java
883,Pepi,구로고,3,Female,57,52,65,""
884,Dal,디지털고,2,Male,81,83,71,Java
885,Tally,디지털고,2,Male,59,54,66,""
886,Susana,단지고,1,Female,91,55,93,javascript
887,Glyn,단지고,3,Female,65,88,73,python
888,Brose,단지고,1,Male,88,58,60,Java
889,Augustina,디지털고,1,Female,50,55,94,C
890,Faustine,구로고,2,Female,71,94,81,python
891,Randal,구로고,3,Male,93,64,83,javascript
892,Dino,구로고,3,Male,88,68,92,python
893,Estell,구로고,2,Female,100,70,56,""
894,Ode,디지털고,3,Male,53,81,68,javascript
895,Ruben,구로고,3,Male,63,67,96,""
896,Cecilia,구로고,2,Female,96,66,60,Java
897,Giacobo,구로고,2,Male,90,88,65,python
898,Dell,구로고,2,Female,96,85,57,C
899,Jo,디지털고,1,Female,58,56,84,javascript
900,Stanford,디지털고,1,Male,67,86,62,""
901,Alasdair,구로고,1,Male,89,71,82,""
902,Maxy,단지고,1,Female,59,50,89,javascript
903,Jan,디지털고,3,Female,74,73,71,javascript
904,Thane,구로고,2,Male,100,80,59,javascript
905,Cam,디지털고,1,Female,51,72,54,python
906,Franciska,디지털고,2,Female,51,65,75,javascript
907,Barbabra,구로고,2,Female,51,90,79,Java
908,Ailey,단지고,2,Female,73,68,74,python
909,Kendall,구로고,2,Male,57,73,63,javascript
910,Jasmina,디지털고,2,Female,88,83,79,Java
911,Wait,디지털고,3,Male,66,52,87,C
912,Ulises,단지고,2,Male,78,76,59,Java
913,Edythe,구로고,1,Female,81,89,85,javascript
914,Guilbert,디지털고,3,Male,64,52,75,Java
915,Bevin,구로고,3,Male,61,92,83,python
916,Shelli,단지고,2,Female,70,72,98,javascript
917,Teddy,단지고,3,Female,73,94,77,C
918,Ludvig,디지털고,1,Male,59,86,89,python
919,Elmo,디지털고,1,Male,97,79,87,Java
920,Pamella,단지고,1,Female,89,53,73,C
921,Grover,디지털고,3,Male,72,50,79,Java
922,Raphael,디지털고,1,Male,88,62,79,Java
923,Trina,구로고,1,Female,88,80,83,C
924,Jeanette,디지털고,2,Female,84,60,91,javascript
925,Paxon,구로고,3,Male,50,99,73,""
926,Fair,디지털고,2,Male,57,78,59,javascript
927,Gustavo,단지고,1,Male,81,64,73,Java
928,Klemens,구로고,1,Male,60,82,71,Java
929,Lincoln,구로고,2,Male,60,81,51,Java
930,Kingston,디지털고,1,Male,57,70,58,Java
931,Ruth,디지털고,3,Female,69,57,55,""
932,Saudra,단지고,3,Female,50,71,87,C
933,Rickie,단지고,2,Male,65,62,79,python
934,Wilek,구로고,3,Male,58,50,95,Java
935,Bartholomew,구로고,3,Male,73,61,58,Java
936,Chad,단지고,2,Male,74,66,94,javascript
937,Trista,단지고,2,Female,90,61,67,javascript
938,Olivier,구로고,3,Male,100,72,98,python
939,Quintana,단지고,1,Female,97,66,53,Java
940,Mair,단지고,1,Female,68,87,69,C
941,Sigfried,디지털고,1,Male,60,53,72,javascript
942,Meris,단지고,1,Female,55,53,100,Java
943,Daisy,디지털고,3,Female,96,70,93,Java
944,Barbabas,단지고,3,Male,86,74,89,Java
945,Antonie,디지털고,2,Female,80,78,74,""
946,Doug,단지고,3,Male,84,72,69,Java
947,Noland,구로고,2,Male,82,84,60,C
948,Cobbie,디지털고,1,Male,85,58,96,javascript
949,Duff,구로고,3,Male,60,91,81,""
950,Ringo,디지털고,3,Male,94,75,96,Java
951,Pennie,디지털고,1,Female,50,86,50,python
952,Kellen,구로고,2,Male,70,65,63,""
953,Emmie,단지고,2,Female,53,96,50,C
954,Patin,단지고,3,Male,70,95,95,python
955,Jemimah,디지털고,3,Female,76,92,60,""
956,Farrand,구로고,2,Female,55,96,51,python
957,Danna,디지털고,1,Female,61,73,65,C
958,Prudy,디지털고,2,Female,93,64,88,python
959,Jackson,디지털고,1,Male,98,66,50,C
960,Fran,디지털고,3,Male,58,59,69,Java
961,Manya,구로고,1,Female,69,61,89,javascript
962,Kathryn,단지고,3,Female,96,61,71,""
963,Rollie,구로고,2,Male,75,82,55,javascript
964,Edee,단지고,3,Female,69,95,72,Java
965,Glenine,단지고,2,Female,90,96,87,javascript
966,Jeniffer,단지고,2,Female,68,65,88,python
967,Horton,단지고,2,Male,70,80,51,""
968,Dallon,구로고,3,Male,65,83,61,javascript
969,Marshall,단지고,2,Male,54,69,68,""
970,Orella,구로고,2,Female,73,100,95,Java
971,Marielle,구로고,1,Female,91,88,79,javascript
972,Gino,단지고,1,Male,50,55,100,javascript
973,Kittie,구로고,2,Female,50,62,96,python
974,Hunfredo,단지고,1,Male,57,91,74,javascript
975,Sancho,구로고,2,Male,95,58,83,""
976,Milly,구로고,2,Female,93,85,89,C
977,Ruthi,디지털고,3,Female,88,88,85,""
978,Giulietta,단지고,3,Female,77,96,96,C
979,Alexandr,구로고,2,Male,88,59,91,C
980,Emmery,단지고,3,Male,78,63,92,""
981,Laraine,구로고,1,Female,65,83,56,""
982,Charis,단지고,2,Female,56,90,70,python
983,Nancey,단지고,3,Female,94,52,68,javascript
984,Brenn,구로고,1,Female,52,72,96,Java
985,Maris,구로고,3,Female,76,51,74,python
986,Cacilie,구로고,2,Female,80,68,87,C
987,Wendie,단지고,3,Female,88,67,89,javascript
988,Yorgo,디지털고,1,Male,63,89,57,C
989,Lethia,단지고,2,Female,67,78,79,python
990,Cindie,디지털고,2,Female,74,94,90,python
991,Briano,디지털고,3,Male,80,74,68,""
992,Lea,단지고,1,Female,61,76,99,Java
993,Letizia,디지털고,1,Female,95,71,50,Java
994,Malva,구로고,3,Female,89,83,90,javascript
995,Theodoric,디지털고,1,Male,76,69,69,""
996,Anatollo,단지고,3,Male,92,97,77,Java
997,Ad,단지고,3,Male,75,62,83,C
998,Lotta,구로고,2,Female,60,77,84,""
999,Godard,디지털고,3,Male,88,90,92,""
1000,Sutton,디지털고,1,Male,59,72,80,Java
